{
  "credit|GCN": {
    "Statistical Parity Difference": {
      "mean": 0.018197496041345098,
      "std": 0.03512111695740646,
      "ci_low": 0.006989039854088333,
      "ci_high": 0.03220578840308007,
      "n": 30
    },
    "Equal Opportunity Difference": {
      "mean": 0.03166449573667099,
      "std": 0.0705664658970691,
      "ci_low": 0.00994137395968816,
      "ci_high": 0.06016093311724641,
      "n": 30
    },
    "Overall Accuracy Equality Difference": {
      "mean": 0.18306575218836466,
      "std": 0.026233020583813906,
      "ci_low": 0.17321317712465922,
      "ci_high": 0.19132561698555947,
      "n": 30
    },
    "Treatment Equality Difference": {
      "mean": 75.24041068218843,
      "std": 175.04534437572698,
      "ci_low": 26.01951137740389,
      "ci_high": 149.89188361104334,
      "n": 30
    },
    "Accuracy": {
      "mean": 0.6290347615877787,
      "std": 0.06041594584242321,
      "ci_low": 0.6043971403936544,
      "ci_high": 0.6457186430195968,
      "n": 30
    }
  },
  "credit|GAT": {
    "Statistical Parity Difference": {
      "mean": 0.026990556022307526,
      "std": 0.03626500214024602,
      "ci_low": 0.015113378330133856,
      "ci_high": 0.03989342009508011,
      "n": 30
    },
    "Equal Opportunity Difference": {
      "mean": 0.04814687231555581,
      "std": 0.08226261486095902,
      "ci_low": 0.022921661095072824,
      "ci_high": 0.08052349029923787,
      "n": 30
    },
    "Overall Accuracy Equality Difference": {
      "mean": 0.14733654372394084,
      "std": 0.06916938419422415,
      "ci_low": 0.12295567960788807,
      "ci_high": 0.17074690853866437,
      "n": 30
    },
    "Treatment Equality Difference": {
      "mean": 8.093991403628644,
      "std": 23.817741312988783,
      "ci_low": 1.7611487610002288,
      "ci_high": 18.06819978766118,
      "n": 30
    },
    "Accuracy": {
      "mean": 0.38060645883282024,
      "std": 0.2496575961369126,
      "ci_low": 0.2954951088378827,
      "ci_high": 0.4716672134709855,
      "n": 30
    }
  },
  "credit|GIN": {
    "Statistical Parity Difference": {
      "mean": 0.03524993987133106,
      "std": 0.030268861291151635,
      "ci_low": 0.02462013801171755,
      "ci_high": 0.046551150118466465,
      "n": 30
    },
    "Equal Opportunity Difference": {
      "mean": 0.10466061644256115,
      "std": 0.0800117475474087,
      "ci_low": 0.07697718914598228,
      "ci_high": 0.13386557843536137,
      "n": 30
    },
    "Overall Accuracy Equality Difference": {
      "mean": 0.24406697154045104,
      "std": 0.04458465528071453,
      "ci_low": 0.22832804895937442,
      "ci_high": 0.26090907856822015,
      "n": 30
    },
    "Treatment Equality Difference": {
      "mean": 114.49844279307204,
      "std": 196.60208986190366,
      "ci_low": 52.90058899622879,
      "ci_high": 188.15649760941187,
      "n": 30
    },
    "Accuracy": {
      "mean": 0.6657003223896026,
      "std": 0.016243776052770085,
      "ci_low": 0.6600460936129092,
      "ci_high": 0.6715322721997896,
      "n": 30
    }
  },
  "german|GCN": {
    "Statistical Parity Difference": {
      "mean": 0.14108453053567147,
      "std": 0.10394505271368017,
      "ci_low": 0.10427148687653245,
      "ci_high": 0.17668616352706315,
      "n": 30
    },
    "Equal Opportunity Difference": {
      "mean": 0.211587978568342,
      "std": 0.14185890174204888,
      "ci_low": 0.16489099035039545,
      "ci_high": 0.2583667495018906,
      "n": 30
    },
    "Overall Accuracy Equality Difference": {
      "mean": 0.15908559560775756,
      "std": 0.05526288411444283,
      "ci_low": 0.14047049754609664,
      "ci_high": 0.17865497073779502,
      "n": 30
    },
    "Treatment Equality Difference": {
      "mean": 3.1716732060210324,
      "std": 2.188988560285891,
      "ci_low": 2.3497721843374024,
      "ci_high": 3.929355876008049,
      "n": 30
    },
    "Accuracy": {
      "mean": 0.3498349830508232,
      "std": 0.06781964176041899,
      "ci_low": 0.32673267324765526,
      "ci_high": 0.3729372913887103,
      "n": 30
    }
  },
  "german|GAT": {
    "Statistical Parity Difference": {
      "mean": 0.07350877167450058,
      "std": 0.08840162010920996,
      "ci_low": 0.04370848809886311,
      "ci_high": 0.10574224716673289,
      "n": 30
    },
    "Equal Opportunity Difference": {
      "mean": 0.10431725631157555,
      "std": 0.11866129021300416,
      "ci_low": 0.06420672250911592,
      "ci_high": 0.14661761398323706,
      "n": 30
    },
    "Overall Accuracy Equality Difference": {
      "mean": 0.14263690014680228,
      "std": 0.04301076341586459,
      "ci_low": 0.12721345501641432,
      "ci_high": 0.1580838682254155,
      "n": 30
    },
    "Treatment Equality Difference": {
      "mean": 2.4894523351045095,
      "std": 2.8528759370815404,
      "ci_low": 1.5168601621808147,
      "ci_high": 3.523793795576402,
      "n": 30
    },
    "Accuracy": {
      "mean": 0.3112211267153422,
      "std": 0.07676689934362263,
      "ci_low": 0.28547855366021396,
      "ci_high": 0.337953799503545,
      "n": 30
    }
  },
  "german|GIN": {
    "Statistical Parity Difference": {
      "mean": 0.13065390661358836,
      "std": 0.10045795305682427,
      "ci_low": 0.09631605411155358,
      "ci_high": 0.16607398440440493,
      "n": 30
    },
    "Equal Opportunity Difference": {
      "mean": 0.19151573636465596,
      "std": 0.1333059494330543,
      "ci_low": 0.14399939692889652,
      "ci_high": 0.23777707306875115,
      "n": 30
    },
    "Overall Accuracy Equality Difference": {
      "mean": 0.1558054159084956,
      "std": 0.048792649817853265,
      "ci_low": 0.1398920730004708,
      "ci_high": 0.17433957315981385,
      "n": 30
    },
    "Treatment Equality Difference": {
      "mean": 4.1933445720945715,
      "std": 2.9347969689082207,
      "ci_low": 3.095448048479299,
      "ci_high": 5.214315706284455,
      "n": 30
    },
    "Accuracy": {
      "mean": 0.3564356436332067,
      "std": 0.03584028499187197,
      "ci_low": 0.34356435636679333,
      "ci_high": 0.3686468650897344,
      "n": 30
    }
  },
  "bail|GCN": {
    "Statistical Parity Difference": {
      "mean": 0.008246117779829849,
      "std": 0.01562899519090414,
      "ci_low": 0.0035190467973977018,
      "ci_high": 0.014233825498182947,
      "n": 30
    },
    "Equal Opportunity Difference": {
      "mean": 0.007397319205726186,
      "std": 0.013142361115786807,
      "ci_low": 0.0032746807134632645,
      "ci_high": 0.012221151129730667,
      "n": 30
    },
    "Overall Accuracy Equality Difference": {
      "mean": 0.4373503426710765,
      "std": 0.006192121258776553,
      "ci_low": 0.4349393658339977,
      "ci_high": 0.43919338087240856,
      "n": 30
    },
    "Treatment Equality Difference": {
      "mean": 51.30009478653881,
      "std": 90.57454542637494,
      "ci_low": 22.109418262932678,
      "ci_high": 85.38186921261047,
      "n": 30
    },
    "Accuracy": {
      "mean": 0.5632257044315339,
      "std": 0.0010397168057336486,
      "ci_low": 0.5628904342651367,
      "ci_high": 0.5636320033669472,
      "n": 30
    }
  },
  "bail|GAT": {
    "Statistical Parity Difference": {
      "mean": 0.07489723236067221,
      "std": 0.11566534942631901,
      "ci_low": 0.0383114613974855,
      "ci_high": 0.117408329678971,
      "n": 30
    },
    "Equal Opportunity Difference": {
      "mean": 0.07548581936086217,
      "std": 0.11637230734127485,
      "ci_low": 0.03795897612367602,
      "ci_high": 0.11936617843496301,
      "n": 30
    },
    "Overall Accuracy Equality Difference": {
      "mean": 0.4081726999332507,
      "std": 0.09341754765843882,
      "ci_low": 0.3734615963790566,
      "ci_high": 0.43916101039697725,
      "n": 30
    },
    "Treatment Equality Difference": {
      "mean": 56.379618267044876,
      "std": 103.13839162046553,
      "ci_low": 24.102205108569482,
      "ci_high": 95.51053013685313,
      "n": 30
    },